{
 "acc_macro": [
  0.10235722150861758,
  0.1626323430421313,
  0.2312298723714129,
  0.25799252692371516,
  0.2921565831790446,
  0.291124055998802,
  0.2996278222654409,
  0.2965085709509385,
  0.2921565831790446
 ],
 "prec_macro": [
  0.19733018780978032,
  0.3373074634391553,
  0.4121156656332433,
  0.4666102208767953,
  0.4395695171092621,
  0.4465053102894137,
  0.4421601653555753,
  0.43405577415906876,
  0.4395695171092621
 ],
 "rec_macro": [
  0.13628904321629345,
  0.20906170508082966,
  0.3064102904340379,
  0.34200273618502364,
  0.41641240432512255,
  0.4077210428603761,
  0.4289073042971273,
  0.4259509812046776,
  0.41641240432512255
 ],
 "f1_macro": [
  0.16122537307919504,
  0.25813342884665363,
  0.35148759688585185,
  0.3947054542673179,
  0.4276777228677301,
  0.42623271942529944,
  0.4354329169607131,
  0.4299651874767243,
  0.4276777228677301
 ],
 "acc_micro": [
  0.19628307241600293,
  0.260469774217043,
  0.3145004644877966,
  0.3324740124740125,
  0.35349194167306214,
  0.3490135396518375,
  0.3506483771831197,
  0.34682941351592733,
  0.35349194167306214
 ],
 "prec_micro": [
  0.5665961945031712,
  0.627137220517317,
  0.5928048392231773,
  0.5931750741839763,
  0.5514186519813241,
  0.5532932662823501,
  0.535485347985348,
  0.5287643254283445,
  0.5514186519813241
 ],
 "rec_micro": [
  0.2309598190240224,
  0.30819778088979854,
  0.401163416998815,
  0.4306797371539373,
  0.4961758052353765,
  0.4859420445976516,
  0.5039319185608101,
  0.5019928902294517,
  0.4961758052353765
 ],
 "f1_micro": [
  0.3281548940078059,
  0.41328999638858793,
  0.47850947638933505,
  0.4990326405791675,
  0.5223406668178726,
  0.5174351915576967,
  0.5192297019812421,
  0.5150309460654289,
  0.5223406668178726
 ],
 "rec_at_5": [
  0.34635874078879003,
  0.44116395732084435,
  0.4794078382669429,
  0.48870359445641537,
  0.4988531148042268,
  0.4975770778232846,
  0.5024910541207219,
  0.49530130178006787,
  0.4988531148042268
 ],
 "prec_at_5": [
  0.3942784488239034,
  0.4723458359821996,
  0.5001907183725365,
  0.5106166560712015,
  0.5196439923712651,
  0.5167196439923712,
  0.5200254291163382,
  0.5131595677050222,
  0.5196439923712651
 ],
 "f1_at_5": [
  0.368768376662851,
  0.4562227132179236,
  0.48957881652824564,
  0.49941987081630784,
  0.5090363484734839,
  0.5069677244965803,
  0.5111078996379717,
  0.50407231375268,
  0.5090363484734839
 ],
 "auc_macro": [
  0.7282395619942601,
  0.7901479264763779,
  0.803802288357581,
  0.8125579550877845,
  0.8158521897394522,
  0.8152273647579631,
  0.8158102142288359,
  0.8140477330787816,
  0.8158521897394522
 ],
 "auc_micro": [
  0.7801654617445253,
  0.840594066072882,
  0.8539379411513817,
  0.8603508520885191,
  0.8631644896524551,
  0.8620699393536009,
  0.8615610175219531,
  0.8594411569544718,
  0.8631644896524551
 ],
 "loss_dev": [
  0.30880391974302895,
  0.2736003555390612,
  0.27075478230891376,
  0.26604719317914266,
  0.2740896467903353,
  0.2744827804718704,
  0.28194809442496155,
  0.2876756580325065,
  0.2740896467903353
 ],
 "acc_macro_te": [
  0.2870451185588562
 ],
 "prec_macro_te": [
  0.4384669864123639
 ],
 "rec_macro_te": [
  0.40588540919586563
 ],
 "f1_macro_te": [
  0.4215475745068777
 ],
 "acc_micro_te": [
  0.34930755518990814
 ],
 "prec_micro_te": [
  0.5535636679704476
 ],
 "rec_micro_te": [
  0.4863033311062327
 ],
 "f1_micro_te": [
  0.517758243991667
 ],
 "rec_at_5_te": [
  0.49105987482429153
 ],
 "prec_at_5_te": [
  0.5203007518796993
 ],
 "f1_at_5_te": [
  0.505257601181681
 ],
 "auc_macro_te": [
  0.8070401169437749
 ],
 "auc_micro_te": [
  0.8576036902567228
 ],
 "loss_test_te": [
  0.2803034552169922
 ],
 "loss_tr": [
  0.3165185490457138,
  0.2612966888906932,
  0.23776190443204182,
  0.22112353513441463,
  0.20590448075591927,
  0.19346479379599638,
  0.18258186144994037,
  0.17320649454204162,
  NaN
 ]
}