{
 "acc_macro": [
  0.11802924348378141,
  0.11802924348378141,
  0.11802924348378141,
  0.11802924348378141,
  0.11802924348378141
 ],
 "prec_macro": [
  0.11802924348378893,
  0.11802924348378893,
  0.11802924348378893,
  0.11802924348378893,
  0.11802924348378893
 ],
 "rec_macro": [
  1.0,
  1.0,
  1.0,
  1.0,
  1.0
 ],
 "f1_macro": [
  0.21113802554217417,
  0.21113802554217417,
  0.21113802554217417,
  0.21113802554217417,
  0.21113802554217417
 ],
 "acc_micro": [
  0.11802924348378893,
  0.11802924348378893,
  0.11802924348378893,
  0.11802924348378893,
  0.11802924348378893
 ],
 "prec_micro": [
  0.11802924348378893,
  0.11802924348378893,
  0.11802924348378893,
  0.11802924348378893,
  0.11802924348378893
 ],
 "rec_micro": [
  1.0,
  1.0,
  1.0,
  1.0,
  1.0
 ],
 "f1_micro": [
  0.21113802554217417,
  0.21113802554217417,
  0.21113802554217417,
  0.21113802554217417,
  0.21113802554217417
 ],
 "rec_at_5": [
  0.23942618699356827,
  0.24766773200569916,
  0.2425588583971434,
  0.23843254191667038,
  0.23942618699356827
 ],
 "prec_at_5": [
  0.2748887476160204,
  0.2803560076287349,
  0.27298156389065487,
  0.2691671964399237,
  0.2748887476160204
 ],
 "f1_at_5": [
  0.25593487670779397,
  0.26300005606434745,
  0.25687256959191596,
  0.25286939294152627,
  0.25593487670779397
 ],
 "auc_macro": [
  0.492773417583617,
  0.4885684646831022,
  0.4870802752089154,
  0.48650807200985013,
  0.492773417583617
 ],
 "auc_micro": [
  0.5864665711374976,
  0.5752081982842023,
  0.5687063581829565,
  0.5642429688908687,
  0.5864665711374976
 ],
 "loss_dev": [
  0.6932716987652909,
  0.6931774102421376,
  0.6931596985684787,
  0.6931536379166644,
  0.6932716987652909
 ],
 "acc_macro_te": [
  0.12119144013880154
 ],
 "prec_macro_te": [
  0.12119144013880856
 ],
 "rec_macro_te": [
  1.0
 ],
 "f1_macro_te": [
  0.2161833132151
 ],
 "acc_micro_te": [
  0.12119144013880856
 ],
 "prec_micro_te": [
  0.12119144013880856
 ],
 "rec_micro_te": [
  1.0
 ],
 "f1_micro_te": [
  0.2161833132151
 ],
 "rec_at_5_te": [
  0.2507817669408014
 ],
 "prec_at_5_te": [
  0.2899942163100058
 ],
 "f1_at_5_te": [
  0.2689663158916837
 ],
 "auc_macro_te": [
  0.4932084673523747
 ],
 "auc_micro_te": [
  0.5931456209090805
 ],
 "loss_test_te": [
  0.6932704187390982
 ],
 "loss_tr": [
  0.7107181283507017,
  0.6932113787915447,
  0.693168326415638,
  0.6931572739440616,
  NaN
 ]
}