{
 "acc_macro": [
  0.09423980777961308,
  0.1678435622028635,
  0.22188852762483674,
  0.25969238073488315,
  0.27411272655851693,
  0.2940237393548032,
  0.2962943543714166,
  0.30342093722176616,
  0.30548784512177884,
  0.2940237393548032
 ],
 "prec_macro": [
  0.23920185393028426,
  0.35072221791073593,
  0.3962220219560046,
  0.43097711157020496,
  0.4426607345482211,
  0.43214800480737403,
  0.42535483457711776,
  0.43378779512808163,
  0.4306603888830256,
  0.43214800480737403
 ],
 "rec_macro": [
  0.12307187323138068,
  0.2208645995386053,
  0.2896371382798948,
  0.3538480786777939,
  0.3751615382721286,
  0.4282217768947528,
  0.44163571236746535,
  0.45099910453857134,
  0.45409443115906856,
  0.4282217768947528
 ],
 "f1_macro": [
  0.16252362805477194,
  0.27104236782021823,
  0.334647750489588,
  0.38862265069507584,
  0.40612560363041444,
  0.43017593233929924,
  0.4333424073409604,
  0.44222604841060237,
  0.44206706735607626,
  0.43017593233929924
 ],
 "acc_micro": [
  0.17778814745683622,
  0.27329741188940904,
  0.32038161318300085,
  0.3409571870421618,
  0.34523430028689833,
  0.3513413368904698,
  0.34705882352941175,
  0.3499964395072278,
  0.3489827856025039,
  0.3513413368904698
 ],
 "prec_micro": [
  0.5708720407551693,
  0.602883865939205,
  0.6217808449755934,
  0.5824527252502781,
  0.5702250888508622,
  0.5296023235031277,
  0.5095313322801475,
  0.5080103359173127,
  0.5067658299762421,
  0.5296023235031277
 ],
 "rec_micro": [
  0.20521383173543037,
  0.33329742540127116,
  0.3979317031132177,
  0.45125498222557364,
  0.46665948508025423,
  0.5107185177205644,
  0.5211677259506625,
  0.529462458257029,
  0.5284929440913497,
  0.5107185177205644
 ],
 "f1_micro": [
  0.30190174326465924,
  0.429275060700659,
  0.4852863899106674,
  0.5085280728376328,
  0.5132701421800948,
  0.5199890320811625,
  0.5152838427947599,
  0.5185146112459121,
  0.5174013921113688,
  0.5199890320811625
 ],
 "rec_at_5": [
  0.3573686663596894,
  0.45121437172151724,
  0.4794004906614363,
  0.4871588397429359,
  0.4983875362652826,
  0.5004078144032266,
  0.5005149934379935,
  0.503882702432731,
  0.49847481219686623,
  0.5004078144032266
 ],
 "prec_at_5": [
  0.39669421487603307,
  0.47679593134138587,
  0.5041322314049588,
  0.5108709472345837,
  0.5183725365543548,
  0.5216783216783217,
  0.5202797202797204,
  0.5210425937698665,
  0.5174825174825175,
  0.5216783216783217
 ],
 "f1_at_5": [
  0.3760059964509392,
  0.463652560514722,
  0.4914554110330187,
  0.498733206484508,
  0.5081836281089663,
  0.5108217391019655,
  0.5102060135741209,
  0.5123189976948772,
  0.5078008557675626,
  0.5108217391019655
 ],
 "auc_macro": [
  0.7320733077550085,
  0.788952555993426,
  0.8025702803395469,
  0.8085712141371779,
  0.8129758640894786,
  0.8148245450464949,
  0.8153248090733574,
  0.815841536092392,
  0.8143417038640393,
  0.8148245450464949
 ],
 "auc_micro": [
  0.7821724209654507,
  0.84144489646585,
  0.8553920159511538,
  0.8589868820394274,
  0.8626870493148364,
  0.8628810785584702,
  0.8617774364873787,
  0.8605762160719794,
  0.8599254186448195,
  0.8628810785584702
 ],
 "loss_dev": [
  0.3067429759844579,
  0.2760190253145401,
  0.2659050119307794,
  0.2706417929066152,
  0.2691449794612792,
  0.280628289887652,
  0.2882731641072588,
  0.29433822963630707,
  0.2969061767354428,
  0.280628289887652
 ],
 "acc_macro_te": [
  0.2887414721413807
 ],
 "prec_macro_te": [
  0.42614929077309704
 ],
 "rec_macro_te": [
  0.4227414303480559
 ],
 "f1_macro_te": [
  0.4244385201555705
 ],
 "acc_micro_te": [
  0.34523731801266566
 ],
 "prec_micro_te": [
  0.5221169036334913
 ],
 "rec_micro_te": [
  0.5047246349145748
 ],
 "f1_micro_te": [
  0.5132734773113321
 ],
 "rec_at_5_te": [
  0.4913264602293453
 ],
 "prec_at_5_te": [
  0.5183342972816657
 ],
 "f1_at_5_te": [
  0.5044691568020827
 ],
 "auc_macro_te": [
  0.806929745470337
 ],
 "auc_micro_te": [
  0.8567150967405431
 ],
 "loss_test_te": [
  0.29135449619143944
 ],
 "loss_tr": [
  0.31722688465425286,
  0.26337332471762553,
  0.2378635974361165,
  0.2206015785436819,
  0.2059204403864275,
  0.19308798701161206,
  0.1824603410345493,
  0.17294544822508745,
  0.16414070204638018,
  NaN
 ]
}